altura,peso,velocidad,posicion_Defensa,posicion_Delantero,posicion_Medio,nivel_Aficionado,nivel_Profesional,rendimiento
0.0,0.0,0.0,0.0,1.0,0.0,0.0,1.0,1
-1.224744871391589,-1.224744871391589,1.224744871391589,1.0,0.0,0.0,1.0,0.0,0
1.224744871391589,1.224744871391589,-1.224744871391589,0.0,0.0,1.0,0.0,1.0,1
